Name,Vorname,Reisegruppe,Alter,Geschlecht
Walter,Anna,Gruppe FA,34,Weiblich
Schilling,Max,Gruppe FB,33,Männlich
Bender,Lea,Gruppe FC,32,Weiblich
Kramer,Tom,Gruppe FD,31,Männlich
Bach,Marie,Gruppe FE,30,Weiblich
Kiefer,Paul,Gruppe FF,29,Männlich
Kunz,Julia,Gruppe FG,28,Weiblich
Keller,Jan,Gruppe FH,27,Männlich
Kraus,Clara,Gruppe FI,26,Weiblich
Kuhn,Noah,Gruppe FJ,25,Männlich
Kaiser,Luisa,Gruppe FK,24,Weiblich
Koch,Leon,Gruppe FL,23,Männlich
König,Emma,Gruppe FM,22,Weiblich
Körner,Jonas,Gruppe FN,31,Männlich
Kroll,Anna,Gruppe FO,30,Weiblich
Kraft,Max,Gruppe FP,29,Männlich
Küster,Lea,Gruppe FQ,28,Weiblich
Kopp,Tom,Gruppe FR,27,Männlich
Kern,Marie,Gruppe FS,26,Weiblich
Kuhn,Paul,Gruppe FT,25,Männlich
Kaiser,Julia,Gruppe FU,24,Weiblich
Kunz,Max,Gruppe FV,23,Männlich
Keller,Clara,Gruppe FW,22,Weiblich
Kraus,Noah,Gruppe FX,31,Männlich
Kuhn,Luisa,Gruppe FY,30,Weiblich
Koch,Leon,Gruppe FZ,29,Männlich
König,Emma,Gruppe GA,28,Weiblich
Körner,Jonas,Gruppe GB,27,Männlich
Kroll,Anna,Gruppe GC,26,Weiblich
Kraft,Max,Gruppe GD,25,Männlich
